id,Year,event1,n1,event2,n2,t1,t2,effect,se,rob,indirectness,RR,age,male,size
"Harrison,2019",2019,18,73,6,31,Resmetirom,Placebo,0.242140052,0.419839883,1,2,1.273972603,50.4,0.496,108
"Harrison,2024",2024,116,321,43,318,Resmetirom,Placebo,0.983000335,0.160051819,1,2,2.672462508,56.7,0.439,644
"Sanyal_b,2024",2024,24,48,13,63,Glucagon receptor agonists,Placebo,0.885038188,0.286152747,1,2,2.423076923,50.8,0.47,148